{
    "speeds": [
        9.11,
        10.03,
        9.9,
        10.06,
        10.63,
        11.32,
        11.7,
        12.09,
        11.62,
        11.16,
        10.32,
        10.9,
        10.87,
        11.61,
        11.6,
        11.06,
        11.22,
        26.68,
        38.42,
        47.19,
        54.81,
        60.75,
        65.57,
        69.87,
        73.22,
        75.29,
        77.33,
        78.79,
        79.75,
        79.97,
        80.61,
        81.59,
        81.3,
        81.39,
        81.56,
        82.54,
        83.3,
        82.94,
        82.89,
        83.05,
        82.54,
        81.47,
        82.32,
        81.71,
        82.04,
        82.24,
        81.5,
        82.34,
        82.79,
        82.99,
        82.46,
        82.42,
        82.27,
        82.05,
        81.69,
        81.85,
        82.48,
        83.23,
        82.63,
        82.28,
        83.03,
        82.94,
        83.06,
        83.74,
        83.19,
        83.25,
        83.72,
        83.04,
        82.67,
        83.3,
        83.89,
        84.51,
        83.72,
        83.77,
        83.72,
        82.58,
        83.55,
        83.67,
        84.18,
        84.3,
        84.65,
        84.75,
        85.03,
        84.82,
        84.25,
        83.65,
        83.72,
        83.69,
        83.9,
        84.43,
        84.25,
        82.94,
        83.26,
        83.05
    ],
    "times": [
        0.016463041305541992,
        0.11808204650878906,
        0.22068405151367188,
        0.3248302936553955,
        0.4258601665496826,
        0.5271930694580078,
        0.6323750019073486,
        0.737680196762085,
        0.8391900062561035,
        0.9442670345306396,
        1.044654130935669,
        1.1498050689697266,
        1.25508713722229,
        1.360335111618042,
        1.4655730724334717,
        1.5680880546569824,
        1.6718709468841553,
        1.773414134979248,
        1.8787510395050049,
        1.9802141189575195,
        2.085369110107422,
        2.1867940425872803,
        2.2883262634277344,
        2.393558979034424,
        2.49678897857666,
        2.600790023803711,
        2.7020421028137207,
        2.807246208190918,
        2.912550210952759,
        3.0175490379333496,
        3.1188831329345703,
        3.2241289615631104,
        3.3293800354003906,
        3.4345571994781494,
        3.539729118347168,
        3.644890069961548,
        3.7502901554107666,
        3.855201005935669,
        3.960479974746704,
        4.062854290008545,
        4.1681342124938965,
        4.27044415473938,
        4.375700950622559,
        4.480957984924316,
        4.582378149032593,
        4.687089204788208,
        4.792295217514038,
        4.897327184677124,
        5.002590179443359,
        5.107539176940918,
        5.211494207382202,
        5.312823057174683,
        5.418025016784668,
        5.5193400382995605,
        5.624462127685547,
        5.729804039001465,
        5.834423065185547,
        5.939611196517944,
        6.044740200042725,
        6.146064281463623,
        6.251449108123779,
        6.352923154830933,
        6.458128213882446,
        6.559661149978638,
        6.664757013320923,
        6.7699079513549805,
        6.875227212905884,
        6.980429172515869,
        7.085615158081055,
        7.190688133239746,
        7.291806936264038,
        7.394850015640259,
        7.496100187301636,
        7.597262144088745,
        7.698771953582764,
        7.803896188735962,
        7.909148216247559,
        8.014040231704712,
        8.115360021591187,
        8.220503091812134,
        8.322025060653687,
        8.427186250686646,
        8.527772188186646,
        8.629340171813965,
        8.733020305633545,
        8.838342189788818,
        8.943475246429443,
        9.046828031539917,
        9.15057110786438,
        9.252110242843628,
        9.353371143341064,
        9.458713054656982,
        9.560129165649414,
        9.665310382843018
    ]
}